"MunicipalityName","FIPS_ID","FIPS_ID_Flag","GNIS_ID","GNIS_ID_Flag","DOLA_LG_ID","DOLA_LG_ID_Flag","OWF_ID","OWF_ID_Full","OWF_ID_Flag","PWS_ID","PWS_ID_Flag","DWR_WaterDistrict_ID","DWR_WaterDistrict_ID_Flag","County_CSV","NumCounty","IBCC_Basin_CSV","Num_IBCC_Basin","Latitude","Longitude","Lat_Long_Flag","Website","Website_Flag","Comment"
Aguilar,00760,G,2412339,G,36001,G,Aguilar,Aguilar,G,CO0136100,G,,x,Las Animas,1,Arkansas,1,37.403626,-104.655036,,http://www.aguilarco.us/,G,
Akron,00925,G,2412340,G,61002,G,Akron,Akron,G,CO0161001,G,,x,Washington,1,South Platte,1,40.163374,-103.220269,,https://townofakron.colorado.gov/,G,
Alamosa,01090,G,2409673,G,02003,G,Alamosa,Alamosa,G,CO0102100,G,,x,Alamosa,1,Rio Grande,1,37.475577,-105.876945,,http://www.cityofalamosa.org/,G,
Alma,01530,G,2412350,G,47001,G,Alma,Alma,G,CO0147001,G,,x,Park,1,South Platte,1,39.285945,-106.067034,,http://www.townofalma.com/,G,
Antonito,02355,G,2412370,G,11001,G,Antonito,Antonito,G,CO0111100,G,,x,Conejos,1,Rio Grande,1,37.077232,-106.010321,,http://www.townofantonito.com/,G,
Arriba,03235,G,2411647,G,37002,G,Arriba,Arriba,G,CO0137001,G,,x,Lincoln,1,South Platte,1,39.284338,-103.274051,,https://www.colorado.gov/arriba,G,
Arvada,03455,G,2409737,G,64009,G,Arvada,Arvada,G,CO0130001,G,,x,"Adams, Jefferson",2,"Metro, South Platte",2,39.832067,-105.151037,,http://arvada.org/,G,
Aspen,03620,G,2409743,G,49006,G,Aspen,Aspen,G,CO0149122,G,,x,Pitkin,1,Colorado,1,39.195108,-106.836707,,http://www.aspenpitkin.com/,G,
Ault,03950,G,2411653,G,62003,G,Ault,Ault,G,CO0162125,G,,x,Weld,1,South Platte,1,40.589343,-104.740423,,http://www.townofault.org/,G,New BNDSS ID; did not have an ID in original BNDSS
Aurora,04000,G,2409757,G,64010,G,Aurora,Aurora,G,CO0103005,G,,x,"Adams, Arapahoe, Douglas",3,"Metro, South Platte",2,39.708370,-104.727501,,https://www.auroragov.org/,G,
Avon,04110,G,2411658,G,19003,G,Avon,Avon,G,CO0119126,G,,x,Eagle,1,Colorado,1,39.644744,-106.513576,,http://www.avon.org/,G,
Basalt,04935,G,2411665,G,64017,G,Basalt,Basalt,G,CO0119134,G,,x,"Eagle, Pitkin",2,Colorado,1,39.366535,-107.041715,,http://www.basalt.net/,G,
Bayfield,05265,G,2411667,G,34005,G,Bayfield,Bayfield,G,CO0134030,G,,x,La Plata,1,Southwest,1,37.234261,-107.595124,,http://www.bayfieldgov.org/,G,
Bennett,06090,G,2411676,G,64258,G,Bennett,Bennett,G,CO0101020,G,,x,"Adams, Arapahoe",2,South Platte,1,39.736358,-104.428527,,https://www.colorado.gov/townofbennett,G,
Berthoud,06255,G,2411681,G,64237,G,Berthoud,Berthoud,G,CO0135138,G,,x,"Larimer, Weld",2,South Platte,1,40.307017,-105.041523,,http://www.berthoud.org/,G,
Bethune,06530,G,2411684,G,32001,G,Bethune,Bethune,G,CO0132001,G,,x,Kit Carson,1,South Platte,1,39.303822,-102.423414,,"https://en.wikipedia.org/wiki/Bethune,_Colorado",g,
Black Hawk,07025,G,2409856,G,24001,G,BlackHawk,BlackHawk,G,CO0124147,G,,x,Gilpin,1,South Platte,1,39.804295,-105.494544,,http://www.cityofblackhawk.org/,G,
Blanca,07190,G,2411696,G,12001,G,Blanca,Blanca,G,CO0112100,G,,x,Costilla,1,Rio Grande,1,37.439472,-105.513803,,http://users.gojade.org/~blancaco,G,New BNDSS ID; did not have an ID in original BNDSS
Blue River,07410,G,2411700,G,59002,G,BlueRiver,BlueRiver,G,,M,,x,Summit,1,Colorado,1,39.434223,-106.036177,,http://www.townofblueriver.com/,G,New BNDSS ID; did not have an ID in original BNDSS
Bonanza City,07571,G,2411706,G,55002,G,BonanzaCity,BonanzaCity,G,CO0079129,G,,x,Saguache,1,Rio Grande,1,38.296619,-106.141869,,"https://en.wikipedia.org/wiki/Bonanza,_Colorado",g,"New BNDSS ID; did not have an ID in original BNDSS, 'Bonza' found in some DOLA data."
Boone,07795,G,2411709,G,51005,G,Boone,Boone,G,CO0151150,G,,x,Pueblo,1,Arkansas,1,38.249454,-104.258092,,"https://en.wikipedia.org/wiki/Boone,_Colorado",g,
Boulder,07850,G,2409883,G,07006,G,Boulder,Boulder,G,CO0107152,G,,x,Boulder,1,South Platte,1,40.027293,-105.251551,,https://bouldercolorado.gov/,G,
Bow Mar,08070,G,2411713,G,64026,G,BowMar,BowMar,G,,M,,x,"Arapahoe, Jefferson",2,Metro,1,39.625265,-105.051222,,https://www.colorado.gov/townofbowmar,G,New BNDSS ID; did not have an ID in original BNDSS
Branson,08345,G,2411720,G,36002,G,Branson,Branson,G,CO0136300,G,,x,Las Animas,1,Arkansas,1,37.015493,-103.883777,,"https://en.wikipedia.org/wiki/Branson,_Colorado",g,New BNDSS ID; did not have an ID in original BNDSS
Breckenridge,08400,G,2411722,G,59004,G,Breckenridge,Breckenridge,G,CO0159020,G,,x,Summit,1,Colorado,1,39.499495,-106.043226,,http://www.townofbreckenridge.com/,G,
Brighton,08675,G,2409911,G,64029,G,Brighton,Brighton,G,CO0101025,G,,x,"Adams, Weld",2,"Metro, South Platte",2,39.971612,-104.796089,,http://www.brightonco.gov/,G,
Brookside,09115,G,2411733,G,22001,G,Brookside,Brookside,G,CO0122050,G,,x,Fremont,1,Arkansas,1,38.413584,-105.191027,,https://www.colorado.gov/townofbrookside,G,
Broomfield,09280,G,2409919,G,64030,G,Broomfield,Broomfield,G,CO0107155,G,,x,"Adams, Boulder, Broomfield, Jefferson, Weld",5,"Metro, South Platte",2,39.954161,-105.052589,,https://www.broomfield.org/,G,
Brush,09555,G,2409926,G,44001,G,Brush,Brush,G,CO0144001,G,,x,Morgan,1,South Platte,1,40.258147,-103.632022,,http://www.brushcolo.com/,G,
Buena Vista,10105,G,2411739,G,08002,G,BuenaVista,BuenaVista,G,CO0108300,G,,x,Chaffee,1,Arkansas,1,38.831775,-106.139013,,http://www.buenavistaco.gov/,G,
Burlington,10600,G,2409946,G,32004,G,Burlington,Burlington,G,CO0132005,G,,x,Kit Carson,1,South Platte,1,39.304205,-102.271483,,http://www.burlingtoncolo.com/,G,
Calhan,11260,G,2413149,G,21006,G,Calhan,Calhan,G,CO0121075,G,,x,El Paso,1,Arkansas,1,39.034657,-104.300010,,http://www.calhan.co/,G,New BNDSS ID; did not have an ID in original BNDSS
Campo,11645,G,2413155,G,05003,G,Campo,Campo,G,CO0105100,G,,x,Baca,1,Arkansas,1,37.104712,-102.578798,,https://townofcampo.co/,G,
Canon City,11810,G,2409976,G,22002,G,CanonCity,CanonCity,G,CO0122100,G,,x,Fremont,1,Arkansas,1,38.443058,-105.220215,,http://www.canoncity.org/,G,
Carbonate,12080,z,,M,66636,G,Carbonate,Carbonate,G,,M,,x,Garfield,1,Colorado,1,39.744304,-107.339143,,http://www.carbonatecolorado.com/,G,"New BNDSS ID; did not have an ID in original BNDSS, FIPS from DOLA but unverified"
Carbondale,12045,G,2413166,G,23004,G,Carbondale,Carbondale,G,CO0123167,G,,x,Garfield,1,Colorado,1,39.394898,-107.214687,,http://www.carbondalegov.org/,G,
Castle Pines,12387,G,2500981,G,65986,G,CastlePines,CastlePines,G,,M,,x,Douglas,1,Metro,1,39.462491,-104.870600,,http://www.castlepinesgov.com/,G,New BNDSS ID; did not have an ID in original BNDSS
Castle Rock,12415,G,2413179,G,18003,G,CastleRock,CastleRock,G,CO0118010,G,,x,Douglas,1,Metro,1,39.376152,-104.853344,,http://crgov.com/,G,
Cedaredge,12635,G,2413184,G,15003,G,Cedaredge,Cedaredge,G,CO0115171,G,,x,Delta,1,Gunnison,1,38.894113,-107.925460,,http://www.cedaredgecolorado.com/,G,
Centennial,12815,G,2409422,G,03163,G,Centennial,Centennial,G,,M,,x,Arapahoe,1,Metro,1,39.592608,-104.867280,,http://www.centennialco.gov/,G,New BNDSS ID; did not have an ID in original BNDSS
Center,12855,G,2413186,G,64039,G,Center,Center,G,CO0155500,G,,x,"Rio Grande, Saguache",2,Rio Grande,1,37.751340,-106.110833,,http://www.centerco.gov/,G,
Central City,12910,G,2409427,G,64263,G,CentralCity,CentralCity,G,CO0124171,G,,x,"Clear Creek, Gilpin",2,South Platte,1,39.797462,-105.516892,,https://www.colorado.gov/centralcity,G,
Cheraw,13460,G,2413193,G,45001,G,Cheraw,Cheraw,G,CO0145090,G,,x,Otero,1,Arkansas,1,38.107573,-103.511052,,"https://en.wikipedia.org/wiki/Cheraw,_Colorado",g,
Cherry Hills Village,13845,G,2409443,G,03023,G,CherryHlsVlg,CherryHillsVillage,G,,M,,x,Arapahoe,1,Metro,1,39.637547,-104.948028,,https://www.cherryhillsvillage.com/,G,
Cheyenne Wells,14175,G,2413197,G,09007,G,CheyenneWells,CheyenneWells,G,CO0109006,G,,x,Cheyenne,1,South Platte,1,38.819202,-102.352030,,http://townofcheyennewells.com/,G,New BNDSS ID; did not have an ID in original BNDSS
Coal Creek,15330,G,2413219,G,22006,G,CoalCrk,CoalCrk,G,CO0122250,G,,x,Fremont,1,Arkansas,1,38.362117,-105.142176,,https://www.colorado.gov/coalcreekco,G,New BNDSS ID; did not have an ID in original BNDSS
Cokedale,15550,G,2413221,G,36004,G,Cokedale,Cokedale,G,CO0136185,G,,x,Las Animas,1,Arkansas,1,37.144223,-104.621590,,"https://en.wikipedia.org/wiki/Cokedale,_Colorado",g,New BNDSS ID; did not have an ID in original BNDSS
Collbran,15605,G,2413226,G,39011,G,Collbran,Collbran,G,CO0139185,G,,x,Mesa,1,Colorado,1,39.239678,-107.964516,,https://www.colorado.gov/townofcollbran,G,
Colorado Springs,16000,G,2410198,G,21015,G,ColoradoSpgs,ColoradoSprings,G,CO0121150,G,,x,El Paso,1,Arkansas,1,38.867374,-104.760565,,http://www.springsgov.com/,G,
Columbine Valley,16385,G,2413232,G,03029,G,ColumbineVly,ColumbineValley,G,,M,,x,Arapahoe,1,Metro,1,39.599294,-105.035295,,http://www.columbinevalley.org/,G,New BNDSS ID; did not have an ID in original BNDSS
Commerce City,16495,G,2410212,G,01005,G,CommerceCity,CommerceCity,G,,M,,x,Adams,1,"Metro, South Platte",2,39.863975,-104.843441,,http://www.c3gov.com/,G,New BNDSS ID; did not have an ID in original BNDSS
Cortez,17375,G,2410236,G,42004,G,Cortez,Cortez,G,CO0142200,G,,x,Montezuma,1,Southwest,1,37.350367,-108.576640,,http://www.cityofcortez.com/,G,
Craig,17760,G,2410255,G,41004,G,Craig,Craig,G,CO0141188,G,,x,Moffat,1,Yampa,1,40.516988,-107.555660,,http://www.ci.craig.co.us/,G,
Crawford,17925,G,2412382,G,15005,G,Crawford,Crawford,G,CO0115188,G,,x,Delta,1,Gunnison,1,38.705057,-107.609676,,https://www.colorado.gov/crawford,G,
Creede,14765,G,2412384,G,40001,G,Creede,Creede,G,CO0140500,G,,x,Mineral,1,Rio Grande,1,37.845032,-106.924122,,http://www.creedetownhall.com/,G,
Crested Butte,18310,G,2412385,G,26004,G,CrestedButte,CrestedButte,G,CO0126188,G,,x,Gunnison,1,Gunnison,1,38.867641,-106.977269,,http://www.townofcrestedbutte.com/,G,
Crestone,18420,G,2412387,G,55004,G,Crestone,Crestone,G,,M,,x,Saguache,1,Rio Grande,1,37.994537,-105.696221,,http://www.townofcrestone.org/,G,
Cripple Creek,18530,G,2410265,G,60001,G,CrippleCrk,CrippleCreek,G,CO0160100,G,,x,Teller,1,Arkansas,1,38.746657,-105.185073,,http://www.cityofcripplecreek.com/,G,
Crook,18640,G,2412389,G,38002,G,Crook,Crook,G,CO0138005,G,,x,Logan,1,South Platte,1,40.859165,-102.801366,,"https://en.wikipedia.org/wiki/Crook,_Colorado",g,New BNDSS ID; did not have an ID in original BNDSS
Crowley,18750,G,2412394,G,13002,G,Crowley,Crowley,G,CO0113300,G,,x,Crowley,1,Arkansas,1,38.193506,-103.859743,,"https://en.wikipedia.org/wiki/Crowley,_Colorado",g,
Dacono,19080,G,2410283,G,62007,G,Dacono,Dacono,G,CO0162200,G,,x,Weld,1,South Platte,1,40.062017,-104.948282,,http://www.ci.dacono.co.us/,G,
De Beque,19355,G,2412412,G,39012,G,DeBeque,DeBeque,G,CO0139205,G,,x,Mesa,1,Colorado,1,39.310184,-108.204869,,http://debeque.org/,G,New BNDSS ID; did not have an ID in original BNDSS
Deer Trail,19630,G,2412415,G,03033,G,DeerTrail,DeerTrail,G,CO0103030,G,,x,Arapahoe,1,South Platte,1,39.615363,-104.043303,,http://www.townofdeertrail.co/,G,New BNDSS ID; did not have an ID in original BNDSS
Del Norte,19795,G,2412416,G,53002,G,DelNorte,DelNorte,G,CO0153200,G,,x,Rio Grande,1,Rio Grande,1,37.678097,-106.354468,,http://www.delnortecolorado.com/,G,
Delta,19850,G,2410319,G,15015,G,Delta,Delta,G,CO0115205,G,,x,Delta,1,Gunnison,1,38.756113,-108.077282,,http://cityofdelta.net/,G,
Denver,20000,G,2410324,G,16002,G,Denver,Denver,G,CO0116001,G,,x,Denver,1,"Metro, South Platte",2,39.761976,-104.875766,,http://www.denvergov.org/,G,
Dillon,20440,G,2412431,G,59009,G,Dillon,Dillon,G,CO0159035,G,,x,Summit,1,Colorado,1,39.621294,-106.039241,,http://www.ci.dillon.co.us/,G,
Dinosaur,20495,G,2412432,G,41005,G,Dinosaur,Dinosaur,G,CO0141210,G,,x,Moffat,1,Yampa,1,40.240260,-109.007512,,https://www.colorado.gov/pacific/townofdinosaur,G,
Dolores,20770,G,2412439,G,42008,G,Dolores,Dolores,G,CO0142400,G,,x,Montezuma,1,Southwest,1,37.473970,-108.500023,,http://www.townofdolores.com/,G,
Dove Creek,21265,G,2412446,G,17003,G,DoveCrk,DoveCreek,G,CO0117300,G,,x,Dolores,1,Southwest,1,37.766867,-108.907180,,https://www.colorado.gov/dovecreek,G,New BNDSS ID; did not have an ID in original BNDSS
Durango,22035,G,2410374,G,34008,G,Durango,Durango,G,CO0134150,G,,x,La Plata,1,Southwest,1,37.275012,-107.870336,,http://www.durangogov.org/,G,
Eads,22145,G,2412454,G,31002,G,Eads,Eads,G,CO0131400,G,,x,Kiowa,1,Arkansas,1,38.481547,-102.779829,,http://www.kcedfonline.org/eads.htm,G,
Eagle,22200,G,2412456,G,19009,G,Eagle,Eagle,G,CO0119233,G,,x,Eagle,1,Colorado,1,39.636465,-106.812082,,http://www.townofeagle.org/,G,
Eaton,22860,G,2412462,G,62008,G,Eaton,Eaton,G,CO0162233,G,,x,Weld,1,South Platte,1,40.527223,-104.712559,,http://www.eatonco.org/,G,
Eckley,23025,G,2412464,G,63003,G,Eckley,Eckley,G,CO0163001,G,,x,Yuma,1,South Platte,1,40.112252,-102.488307,,http://townofeckley.weebly.com/,G,
Edgewater,23135,G,2410399,G,30020,G,Edgewater,Edgewater,G,CO0130237,G,,x,Jefferson,1,Metro,1,39.750853,-105.062633,,http://www.edgewaterco.com/,G,
Elizabeth,23740,G,2412474,G,20004,G,Elizabeth,Elizabeth,G,CO0120010,G,,x,Elbert,1,South Platte,1,39.361015,-104.606172,,http://www.townofelizabeth.org/,G,New BNDSS ID; did not have an ID in original BNDSS
Empire,24620,G,2412485,G,10005,G,Empire,Empire,G,CO0110010,G,,x,Clear Creek,1,South Platte,1,39.759449,-105.682783,,"https://en.wikipedia.org/wiki/Empire,_Colorado",g,
Englewood,24785,G,2410441,G,03041,G,Englewood,Englewood,G,CO0103045,G,,x,Arapahoe,1,Metro,1,39.646791,-104.994293,,http://www.englewoodco.gov/,G,
Erie,24950,G,2412599,G,64060,G,Erie,Erie,G,CO0162255,G,,x,"Boulder, Weld",2,South Platte,1,40.040157,-105.040252,,https://www.erieco.gov/,G,
Estes Park,25115,G,2412603,G,35004,G,EstesPark,EstesPark,G,CO0135257,G,,x,Larimer,1,South Platte,1,40.369870,-105.521623,,https://www.colorado.gov/townofestespark,G,
Evans,25280,G,2410467,G,62011,G,Evans,Evans,G,CO0162260,G,,x,Weld,1,South Platte,1,40.366034,-104.738911,,http://www.evanscolorado.gov/,G,
Fairplay,25610,G,2412616,G,47005,G,Fairplay,Fairplay,G,CO0147020,G,,x,Park,1,South Platte,1,39.224496,-105.996948,,http://fairplayco.us/,G,
Federal Heights,26270,G,2410493,G,01009,G,FederalHts,FederalHeights,G,CO0101055,G,,x,Adams,1,Metro,1,39.865026,-105.015469,,http://www.fedheights.org/,G,
Firestone,26600,G,2412626,G,62012,G,Firestone,Firestone,G,CO0162476,G,,x,Weld,1,South Platte,1,40.156383,-104.949470,,http://www.firestoneco.gov/,G,
Flagler,26765,G,2412628,G,32010,G,Flagler,Flagler,G,CO0132010,G,,x,Kit Carson,1,South Platte,1,39.294399,-103.075062,,http://flaglercolorado.com/,G,
Fleming,26875,G,2412631,G,38005,G,Fleming,Fleming,G,CO0138010,G,,x,Logan,1,South Platte,1,40.681191,-102.839506,,"https://en.wikipedia.org/wiki/Fleming,_Colorado",g,New BNDSS ID; did not have an ID in original BNDSS
Florence,27040,G,2410510,G,22011,G,Florence,Florence,G,CO0122500,G,,x,Fremont,1,Arkansas,1,38.383560,-105.111978,,http://www.florencecolorado.org/,G,
Fort Collins,27425,G,2410526,G,35009,G,FtCollins,FortCollins,G,CO0135291,G,,x,Larimer,1,South Platte,1,40.547760,-105.065725,,https://www.fcgov.com/,G,
Fort Lupton,27700,G,2410528,G,62014,G,FtLupton,FortLupton,G,CO0162291,G,,x,Weld,1,South Platte,1,40.084165,-104.802365,,http://www.fortlupton.org/,G,
Fort Morgan,27810,G,2410529,G,44006,G,FtMorgan,FortMorgan,G,CO0144005,G,,x,Morgan,1,South Platte,1,40.255795,-103.790371,,http://www.cityoffortmorgan.com/,G,
Fountain,27865,G,2410535,G,21026,G,Fountain,Fountain,G,CO0121275,G,,x,El Paso,1,Arkansas,1,38.688823,-104.682421,,http://www.fountaincolorado.org/,G,
Fowler,27975,G,2412648,G,45004,G,Fowler,Fowler,G,CO0145210,G,,x,Otero,1,Arkansas,1,38.130470,-104.026477,,http://www.fowlercolorado.com/,G,
Foxfield,28105,G,2412649,G,03134,G,Foxfield,Foxfield,G,,M,,x,Arapahoe,1,Metro,1,39.588175,-104.785483,,http://foxfieldcolorado.com/,G,
Fraser,28305,G,2412655,G,25006,G,Fraser,Fraser,G,CO0125288,G,,x,Grand,1,Colorado,1,39.930264,-105.802883,,http://www.frasercolorado.com/,G,
Frederick,28360,G,2412656,G,62016,G,Frederick,Frederick,G,CO0162288,G,,x,Weld,1,South Platte,1,40.109531,-104.966881,,http://www.frederickco.gov/,G,
Frisco,28690,G,2412661,G,59015,G,Frisco,Frisco,G,CO0159055,G,,x,Summit,1,Colorado,1,39.579143,-106.091539,,http://www.friscogov.com/,G,
Fruita,28745,G,2410553,G,39014,G,Fruita,Fruita,G,CO0051540,G,,x,Mesa,1,Colorado,1,39.154859,-108.730487,,http://fruita.org/,G,New BNDSS ID; did not have an ID in original BNDSS
Garden City,29185,G,2412667,G,62018,G,GardenCity,GardenCity,G,CO0140897,G,,x,Weld,1,South Platte,1,40.394586,-104.689525,,http://townofgardencity.com/,G,New BNDSS ID; did not have an ID in original BNDSS
Genoa,29680,G,2412675,G,37004,G,Genoa,Genoa,G,CO0137005,G,,x,Lincoln,1,South Platte,1,39.278264,-103.499310,,https://www.colorado.gov/townofgenoa,G,New BNDSS ID; did not have an ID in original BNDSS
Georgetown,29735,G,2412677,G,10007,G,Georgetown,Georgetown,G,CO0110015,G,,x,Clear Creek,1,South Platte,1,39.717971,-105.694229,,https://www.georgetown-colorado.org/,G,
Gilcrest,29955,G,2412683,G,62020,G,Gilcrest,Gilcrest,G,CO0162310,G,,x,Weld,1,South Platte,1,40.284171,-104.782024,,http://townofgilcrest.org/,G,New BNDSS ID; did not have an ID in original BNDSS
Glendale,30340,G,2410598,G,03043,G,Glendale,Glendale,G,CO0103055,G,,x,Arapahoe,1,Metro,1,39.703597,-104.935205,,http://www.glendale.co.us/,G,
Glenwood Springs,30780,G,2410605,G,23008,G,GlenwoodSpgs,GlenwoodSprings,G,CO0123314,G,,x,Garfield,1,Colorado,1,39.545367,-107.334394,,http://www.cogs.us/,G,
Golden,30835,G,2410611,G,30035,G,Golden,Golden,G,CO0130040,G,,x,Jefferson,1,Metro,1,39.740617,-105.211681,,http://www.cityofgolden.net/,G,
Granada,31550,G,2412698,G,50007,G,Granada,Granada,G,CO0150300,G,,x,Prowers,1,Arkansas,1,38.063193,-102.312236,,"https://en.wikipedia.org/wiki/Granada,_Colorado",g,New BNDSS ID; did not have an ID in original BNDSS
Granby,31605,G,2412699,G,25008,G,Granby,Granby,G,CO0125321,G,,x,Grand,1,Colorado,1,40.064581,-105.920149,,http://www.townofgranby.com/,G,
Grand Junction,31660,G,2410631,G,39020,G,GrandJunction,GrandJunction,G,CO0139321,G,,x,Mesa,1,"Colorado, Gunnison",2,39.087831,-108.567497,,http://gjcity.org/,G,
Grand Lake,31715,G,2412701,G,25014,G,GrandLake,GrandLake,G,CO0125322,G,,x,Grand,1,Colorado,1,40.250330,-105.823026,,http://www.townofgrandlake.com/,G,
Greeley,32155,G,2410654,G,62022,G,Greeley,Greeley,G,CO0162321,G,,x,Weld,1,South Platte,1,40.414917,-104.770666,,http://www.greeleygov.com/,G,
Green Mountain Falls,32650,G,2412708,G,64070,G,GreenMtnFalls,GreenMountainFalls,G,CO0121400,G,,x,"El Paso, Teller",2,Arkansas,1,38.934608,-105.023309,,https://gmfco.elpasoco.com/,G,
Greenwood Village,33035,G,2410661,G,03051,G,GreenwoodVlg,GreenwoodVillage,G,CO0130323,G,,x,Arapahoe,1,Metro,1,39.615136,-104.913033,,http://www.greenwoodvillage.com/,G,
Grover,33310,G,2412712,G,62023,G,Grover,Grover,G,CO0162322,G,,x,Weld,1,South Platte,1,40.869104,-104.225941,,"https://en.wikipedia.org/wiki/Grover,_Colorado",g,New BNDSS ID; did not have an ID in original BNDSS
Gunnison,33640,G,2410674,G,26008,G,Gunnison,Gunnison,G,CO0126325,G,,x,Gunnison,1,Gunnison,1,38.548978,-106.924639,,http://www.cityofgunnison-co.gov/,G,
Gypsum,33695,G,2412716,G,19020,G,Gypsum,Gypsum,G,CO0119329,G,,x,Eagle,1,Colorado,1,39.628462,-106.933646,,http://www.townofgypsum.com/,G,
Hartman,34520,G,2412730,G,50008,G,Hartman,Hartman,G,CO0150500,G,,x,Prowers,1,Arkansas,1,38.121110,-102.221337,,"https://en.wikipedia.org/wiki/Hartman,_Colorado",g,New BNDSS ID; did not have an ID in original BNDSS
Haswell,34740,G,2412734,G,31003,G,Haswell,Haswell,G,CO0131600,G,,x,Kiowa,1,Arkansas,1,38.452507,-103.164839,,"https://en.wikipedia.org/wiki/Haswell,_Colorado",g,New BNDSS ID; did not have an ID in original BNDSS
Haxtun,34960,G,2412738,G,48004,G,Haxtun,Haxtun,G,CO0148001,G,,x,Phillips,1,South Platte,1,40.641876,-102.629715,,"https://en.wikipedia.org/wiki/Haxtun,_Colorado",g,New BNDSS ID; did not have an ID in original BNDSS
Hayden,35070,G,2412740,G,54005,G,Hayden,Hayden,G,CO0154333,G,,x,Routt,1,Yampa,1,40.484828,-107.238474,,http://www.townofhayden.org/,G,
Hillrose,36610,G,2412751,G,44007,G,Hillrose,Hillrose,G,CO0144010,G,,x,Morgan,1,South Platte,1,40.324654,-103.522175,,http://www.hillrosecolorado.org/,G,New BNDSS ID; did not have an ID in original BNDSS
Holly,37215,G,2412764,G,50011,G,Holly,Holly,G,CO0150600,G,,x,Prowers,1,Arkansas,1,38.056555,-102.124297,,http://www.townofholly.com/,G,New BNDSS ID; did not have an ID in original BNDSS
Holyoke,37270,G,2410781,G,48005,G,Holyoke,Holyoke,G,CO0148005,G,,x,Phillips,1,South Platte,1,40.583414,-102.299812,,http://www.cityofholyoke-co.gov/,G,
Hooper,37380,G,2412766,G,02005,G,Hooper,Hooper,G,,M,,x,Alamosa,1,Rio Grande,1,37.745925,-105.877379,,"https://en.wikipedia.org/wiki/Hooper,_Colorado",g,New BNDSS ID; did not have an ID in original BNDSS
Hot Sulphur Springs,37600,G,2412770,G,25015,G,HotSulphurSpgs,HotSulphurSprings,G,CO0125352,G,,x,Grand,1,Colorado,1,40.074869,-106.103178,,http://www.hotsulphurspringsco.com/,G,
Hotchkiss,37545,G,2412771,G,15020,G,Hotchkiss,Hotchkiss,G,CO0115352,G,,x,Delta,1,Gunnison,1,38.798951,-107.713382,,http://www.townofhotchkiss.com/,G,
Hudson,37820,G,2412776,G,62029,G,Hudson,Hudson,G,CO0162359,G,,x,Weld,1,South Platte,1,40.089828,-104.621449,,https://hudsoncolorado.org/,G,
Hugo,37875,G,2412778,G,37006,G,Hugo,Hugo,G,CO0137010,G,,x,Lincoln,1,Arkansas,1,39.136169,-103.472692,,http://www.cityofhugoco.org/,G,
Idaho Springs,38370,G,2410092,G,10008,G,IdahoSpgs,IdahoSprings,G,CO0110020,G,,x,Clear Creek,1,South Platte,1,39.744445,-105.500109,,http://www.idahospringsco.com/,G,
Ignacio,38535,G,2412787,G,34015,G,Ignacio,Ignacio,G,CO0134500,G,,x,La Plata,1,Southwest,1,37.118034,-107.637386,,http://www.townofignacio.com/,G,
Iliff,38590,G,2412788,G,38007,G,Iliff,Iliff,G,CO0138015,G,,x,Logan,1,South Platte,1,40.759083,-103.066182,,"https://en.wikipedia.org/wiki/Iliff,_Colorado",g,New BNDSS ID; did not have an ID in original BNDSS
Jamestown,39195,G,2412800,G,07018,G,Jamestown,Jamestown,G,CO0107401,G,,x,Boulder,1,South Platte,1,40.118344,-105.391630,,http://www.jamestownco.org/,G,
Johnstown,39855,G,2412807,G,64266,G,Johnstown,Johnstown,G,CO0162418,G,,x,"Larimer, Weld",2,South Platte,1,40.349893,-104.948157,,http://www.townofjohnstown.com/,G,New BNDSS ID; did not have an ID in original BNDSS
Julesburg,39965,G,2412812,G,58004,G,Julesburg,Julesburg,G,CO0158001,G,,x,Sedgwick,1,South Platte,1,40.984514,-102.262760,,http://www.townofjulesburg.com/,G,New BNDSS ID; did not have an ID in original BNDSS
Keenesburg,40185,G,2412820,G,62033,G,Keenesburg,Keenesburg,G,CO0162438,G,,x,Weld,1,South Platte,1,40.111580,-104.503505,,https://www.townofkeenesburg.com/,G,
Kersey,40515,G,2412828,G,62035,G,Kersey,Kersey,G,CO0055558,G,,x,Weld,1,South Platte,1,40.387783,-104.564447,,http://www.townofkersey.com/,G,
Kim,40570,G,2412834,G,36005,G,Kim,Kim,G,CO0136400,G,,x,Las Animas,1,Arkansas,1,37.247062,-103.353411,,"https://en.wikipedia.org/wiki/Kim,_Colorado",g,New BNDSS ID; did not have an ID in original BNDSS
Kiowa,40790,G,2412838,G,20005,G,Kiowa,Kiowa,G,CO0120015,G,,x,Elbert,1,South Platte,1,39.343041,-104.455417,,http://www.townofkiowa.com/,G,
Kit Carson,41010,G,2412842,G,09013,G,KitCarson,KitCarson,G,CO0109011,G,,x,Cheyenne,1,Arkansas,1,38.762823,-102.795366,,http://kitcarsoncolorado.com/,G,New BNDSS ID; did not have an ID in original BNDSS
Kremmling,41560,G,2412848,G,25018,G,Kremmling,Kremmling,G,CO0125455,G,,x,Grand,1,Colorado,1,40.056638,-106.378447,,http://www.townofkremmling.org/,G,
La Jara,42055,G,2412855,G,11009,G,LaJara,LaJara,G,CO0111600,G,,x,Conejos,1,Rio Grande,1,37.273782,-105.960634,,https://www.colorado.gov/townoflajara,G,New BNDSS ID; did not have an ID in original BNDSS
La Junta,42110,G,2411574,G,45007,G,LaJunta,LaJunta,G,CO0145420,G,,x,Otero,1,Arkansas,1,37.978960,-103.547741,,http://www.ci.la-junta.co.us/,G,
La Salle,43605,G,2412856,G,62037,G,LaSalle,LaSalle,G,CO0162466,G,,x,Weld,1,South Platte,1,40.348480,-104.706165,,http://www.lasalletown.com/,G,New BNDSS ID; did not have an ID in original BNDSS
La Veta,44100,G,2412857,G,28007,G,LaVeta,LaVeta,G,CO0128500,G,,x,Huerfano,1,Arkansas,1,37.508563,-105.008486,,http://www.townoflaveta-co.gov/,G,
Lafayette,41835,G,2411592,G,07020,G,Lafayette,Lafayette,G,CO0107473,G,,x,Boulder,1,South Platte,1,39.994674,-105.099662,,https://www.cityoflafayette.com/,G,
Lake City,42330,G,2412863,G,27005,G,LakeCity,LakeCity,G,CO0127467,G,,x,Hinsdale,1,Gunnison,1,38.030037,-107.310630,,http://www.lakecity.com/,G,
Lakeside,42495,G,2412865,G,30053,G,Lakeside,Lakeside,G,,M,,x,Jefferson,1,Metro,1,39.780209,-105.057946,,"https://en.wikipedia.org/wiki/Lakeside,_Colorado",g,New BNDSS ID; did not have an ID in original BNDSS
Lakewood,43000,G,2411614,G,30055,G,Lakewood,Lakewood,G,CO0130467,G,,x,Jefferson,1,Metro,1,39.697801,-105.116772,,http://www.ci.lakewood.co.us/,G,
Lamar,43110,G,2411617,G,50012,G,Lamar,Lamar,G,CO0150700,G,,x,Prowers,1,Arkansas,1,38.073651,-102.615165,,http://www.ci.lamar.co.us/,G,
Larkspur,43550,G,2412878,G,18021,G,Larkspur,Larkspur,G,CO0118030,G,,x,Douglas,1,Metro,1,39.231615,-104.892412,,http://www.townoflarkspur.org/,G,New BNDSS ID; did not have an ID in original BNDSS
Las Animas,43660,G,2411628,G,06005,G,LasAnimas,LasAnimas,G,CO0106300,G,,x,Bent,1,Arkansas,1,38.069518,-103.223542,,https://www.colorado.gov/pacific/cityoflasanimas,G,
Leadville,44320,G,2411641,G,33004,G,Leadville,Leadville,G,,M,,x,Lake,1,Arkansas,1,39.247371,-106.293444,,https://www.colorado.gov/leadville,G,New BNDSS ID; did not have an ID in original BNDSS
Limon,44980,G,2412897,G,37007,G,Limon,Limon,G,CO0137015,G,,x,Lincoln,1,Arkansas,1,39.267942,-103.684451,,http://www.townoflimon.com/,G,
Littleton,45255,G,2410845,G,64085,G,Littleton,Littleton,G,CO0103476,G,,x,"Arapahoe, Douglas, Jefferson",3,Metro,1,39.591525,-105.018772,,http://www.littletongov.org/,G,
Lochbuie,45530,G,2412905,G,62038,G,Lochbuie,Lochbuie,G,CO0162486,G,,x,"Adams, Weld",2,"Metro, South Platte",2,40.011701,-104.727105,,http://www.lochbuie.org/,G,
Log Lane Village,45695,G,2412910,G,44009,G,LogLaneVlg,LogLaneVillage,G,CO0144015,G,,x,Morgan,1,South Platte,1,40.270438,-103.829708,,"https://en.wikipedia.org/wiki/Log_Lane_Village,_Colorado",g,
Lone Tree,45955,G,2410864,G,18104,G,LoneTree,LoneTree,G,,M,,x,Douglas,1,Metro,1,39.530806,-104.870980,,http://www.cityoflonetree.com/,G,New BNDSS ID; did not have an ID in original BNDSS
Longmont,45970,G,2410869,G,64205,G,Longmont,Longmont,G,CO0107485,G,,x,"Boulder, Weld",2,South Platte,1,40.169066,-105.099499,,https://www.longmontcolorado.gov/,G,
Louisville,46355,G,2410884,G,07029,G,Louisville,Louisville,G,CO0107487,G,,x,Boulder,1,South Platte,1,39.970949,-105.144020,,http://www.louisvilleco.gov/,G,
Loveland,46465,G,2410886,G,35026,G,Loveland,Loveland,G,CO0135485,G,,x,Larimer,1,South Platte,1,40.416724,-105.062065,,http://www.cityofloveland.org/,G,
Lyons,47070,G,2412930,G,07032,G,Lyons,Lyons,G,CO0107496,G,,x,Boulder,1,South Platte,1,40.222857,-105.268858,,http://www.townoflyons.com/,G,
Manassa,48060,G,2412937,G,11010,G,Manassa,Manassa,G,CO0111700,G,,x,Conejos,1,Rio Grande,1,37.173743,-105.937340,,http://www.manassa.com/,G,"New BNDSS ID; did not have an ID in original BNDSS, 'Massa' also seen in DOLA data."
Mancos,48115,G,2412939,G,42016,G,Mancos,Mancos,G,CO0142700,G,,x,Montezuma,1,Southwest,1,37.346648,-108.293969,,http://www.mancoscolorado.com/,G,
Manitou Springs,48445,G,2411021,G,21030,G,ManitouSpgs,ManitouSprings,G,CO0121450,G,,x,El Paso,1,Arkansas,1,38.857614,-104.912793,,http://www.manitouspringsgov.com/,G,
Manzanola,48500,G,2412949,G,45009,G,Manzanola,Manzanola,G,CO0145450,G,,x,Otero,1,Arkansas,1,38.108767,-103.866809,,"https://en.wikipedia.org/wiki/Manzanola,_Colorado",g,
Marble,48555,G,2412952,G,26010,G,Marble,Marble,G,,M,,x,Gunnison,1,Colorado,1,39.071654,-107.190675,,http://www.townofmarble.com/,G,New BNDSS ID; did not have an ID in original BNDSS
Mead,49600,G,2412970,G,62040,G,Mead,Mead,G,CO0162500,G,,x,Weld,1,South Platte,1,40.232164,-104.992771,,http://www.townofmead.org/,G,New BNDSS ID; did not have an ID in original BNDSS
Meeker,49875,G,2412977,G,52007,G,Meeker,Meeker,G,CO0152505,G,,x,Rio Blanco,1,Yampa,1,40.049988,-107.894444,,http://www.townofmeeker.org/,G,
Merino,50040,G,2412985,G,38011,G,Merino,Merino,G,CO0138025,G,,x,Logan,1,South Platte,1,40.483696,-103.353644,,http://town.merino.co.us/,G,New BNDSS ID; did not have an ID in original BNDSS
Milliken,50480,G,2413000,G,62043,G,Milliken,Milliken,G,CO0162511,G,,x,Weld,1,South Platte,1,40.310302,-104.855720,,http://www.millikenco.gov/,G,
Minturn,50920,G,2413005,G,19024,G,Minturn,Minturn,G,CO0119510,G,,x,Eagle,1,Colorado,1,39.545658,-106.386476,,http://www.minturn.org/,G,New BNDSS ID; did not have an ID in original BNDSS
Moffat,51250,G,2413006,G,55005,G,Moffat,Moffat,G,,M,,x,Saguache,1,Rio Grande,1,38.001922,-105.904881,,https://www.colorado.gov/townofmoffat,G,New BNDSS ID; did not have an ID in original BNDSS
Monte Vista,51635,G,2411143,G,53005,G,MonteVista,MonteVista,G,CO0153600,G,,x,Rio Grande,1,Rio Grande,1,37.578860,-106.150015,,http://www.cityofmontevista.com/,G,
Montezuma,51690,G,2413008,G,59028,G,Montezuma,Montezuma,G,,M,,x,Summit,1,Colorado,1,39.581488,-105.867649,,"https://en.wikipedia.org/wiki/Montezuma,_Colorado",g,New BNDSS ID; did not have an ID in original BNDSS
Montrose,51745,G,2411151,G,43004,G,Montrose,Montrose,G,CO0143518,G,,x,Montrose,1,Gunnison,1,38.468826,-107.859386,,http://www.cityofmontrose.org/,G,
Monument,51800,G,2413009,G,21032,G,Monument,Monument,G,CO0121475,G,,x,El Paso,1,Arkansas,1,39.073227,-104.846099,,http://www.townofmonument.org/,G,
Morrison,52075,G,2413014,G,30065,G,Morrison,Morrison,G,CO0130085,G,,x,Jefferson,1,Metro,1,39.642922,-105.193672,,http://town.morrison.co.us/,G,
Mount Crested Butte,52570,G,2413018,G,26011,G,MtCrestedButte,MountCrestedButte,G,,M,,x,Gunnison,1,Gunnison,1,38.908150,-106.960465,,http://www.mtcrestedbuttecolorado.us/,G,
Mountain View,52350,G,2413021,G,30067,G,MtnView,MountainView,G,CO0130518,G,,x,Jefferson,1,Metro,1,39.774769,-105.056773,,http://www.townofmountainviewcolorado.org/,G,
Mountain Village,52550,G,2413024,G,57027,G,MtnVillage,MountainVillage,G,CO0157400,G,,x,San Miguel,1,Southwest,1,37.932344,-107.857548,,https://townofmountainvillage.com/,G,New BNDSS ID; did not have an ID in original BNDSS
Naturita,53120,G,2413035,G,43005,G,Naturita,Naturita,G,CO0143533,G,,x,Montrose,1,Southwest,1,38.218334,-108.566610,,"https://en.wikipedia.org/wiki/Naturita,_Colorado",g,New BNDSS ID; did not have an ID in original BNDSS
Nederland,53175,G,2413037,G,07033,G,Nederland,Nederland,G,CO0107538,G,,x,Boulder,1,South Platte,1,39.963280,-105.507173,,http://nederlandco.org/,G,New BNDSS ID; did not have an ID in original BNDSS
New Castle,53395,G,2413042,G,23012,G,NewCastle,NewCastle,G,CO0123538,G,,x,Garfield,1,Colorado,1,39.577584,-107.526809,,http://www.newcastlecolorado.org/,G,
Northglenn,54330,G,2411280,G,64198,G,Northglenn,Northglenn,G,CO0101115,G,,x,"Adams, Weld",2,"Metro, South Platte",2,39.910650,-104.978275,,http://www.northglenn.org/,G,
Norwood,54880,G,2413057,G,57007,G,Norwood,Norwood,G,,M,,x,San Miguel,1,Southwest,1,38.129052,-108.291818,,http://www.norwoodtown.com/,G,
Nucla,54935,G,2413058,G,43007,G,Nucla,Nucla,G,CO0143559,G,,x,Montrose,1,Southwest,1,38.266712,-108.548742,,http://www.colorado.gov/nucla,G,
Nunn,55045,G,2413059,G,62045,G,Nunn,Nunn,G,CO0162559,G,,x,Weld,1,South Platte,1,40.713256,-104.788313,,http://www.nunncolorado.com/,G,New BNDSS ID; did not have an ID in original BNDSS
Oak Creek,55155,G,2413061,G,54010,G,OakCrk,OakCreek,G,CO0154566,G,,x,Routt,1,Yampa,1,40.274068,-106.957403,,http://www.townofoakcreek.com/,G,
Olathe,55540,G,2413078,G,43012,G,Olathe,Olathe,G,CO0143582,G,,x,Montrose,1,Gunnison,1,38.608195,-107.983386,,http://www.townofolathe.org/,G,
Olney Springs,55705,G,2413079,G,13004,G,OlneySpgs,OlneySprings,G,CO0113500,G,,x,Crowley,1,Arkansas,1,38.166274,-103.944491,,"https://en.wikipedia.org/wiki/Olney_Springs,_Colorado",g,
Ophir,55870,G,2413085,G,57008,G,Ophir,Ophir,G,CO0157600,G,,x,San Miguel,1,Southwest,1,37.856809,-107.831243,,http://www.town-ophir.co.gov/,G,New BNDSS ID; did not have an ID in original BNDSS
Orchard City,55980,G,2413088,G,15022,G,OrchardCity,OrchardCity,G,CO0115588,G,,x,Delta,1,Gunnison,1,38.814462,-107.970446,,http://www.orchardcityco.org/,G,
Ordway,56145,G,2413090,G,13006,G,Ordway,Ordway,G,CO0113700,G,,x,Crowley,1,Arkansas,1,38.220898,-103.756680,,http://www.ordway.co.towngovt.org/,G,
Otis,56365,G,2413094,G,61006,G,Otis,Otis,G,CO0161010,G,,x,Washington,1,South Platte,1,40.150129,-102.962139,,https://www.colorado.gov/pacific/townofotis,G,
Ouray,56420,G,2411342,G,46007,G,Ouray,Ouray,G,CO0146588,G,,x,Ouray,1,Gunnison,1,38.027463,-107.673310,,http://www.ci.ouray.co.us/,G,
Ovid,56475,G,2413096,G,58007,G,Ovid,Ovid,G,CO0158005,G,,x,Sedgwick,1,South Platte,1,40.960818,-102.388343,,http://www.ovidcolorado.com/,G,
Pagosa Springs,56860,G,2413099,G,04006,G,PagosaSpgs,PagosaSprings,G,,M,,x,Archuleta,1,Southwest,1,37.267059,-107.032155,,http://www.townofpagosasprings.com/,G,
Palisade,56970,G,2413101,G,39034,G,Palisade,Palisade,G,CO0139600,G,,x,Mesa,1,Colorado,1,39.108248,-108.357391,,http://www.townofpalisade.org/,G,
Palmer Lake,57025,G,2413103,G,21034,G,PalmerLake,PalmerLake,G,CO0121575,G,,x,El Paso,1,Arkansas,1,39.115196,-104.906009,,http://www.townofpalmerlake.com/,G,
Paoli,57245,G,2413107,G,48006,G,Paoli,Paoli,G,CO0148010,G,,x,Phillips,1,South Platte,1,40.612758,-102.471769,,"https://en.wikipedia.org/wiki/Paoli,_Colorado",g,New BNDSS ID; did not have an ID in original BNDSS
Paonia,57300,G,2413109,G,15025,G,Paonia,Paonia,G,CO0115601,G,,x,Delta,1,Gunnison,1,38.869758,-107.591982,,http://townofpaonia.com/,G,
Parachute,57400,G,2413110,G,23013,G,Parachute,Parachute,G,CO0123602,G,,x,Garfield,1,Colorado,1,39.448543,-108.058250,,http://www.parachutecolorado.com/,G,New BNDSS ID; did not have an ID in original BNDSS
Parker,57630,G,2413117,G,18028,G,Parker,Parker,G,,M,,x,Douglas,1,Metro,1,39.508029,-104.775085,,http://www.parkeronline.org/,G,New BNDSS ID; did not have an ID in original BNDSS
Peetz,58235,G,2413123,G,38016,G,Peetz,Peetz,G,CO0138030,G,,x,Logan,1,South Platte,1,40.961878,-103.113943,,https://www.sites.google.com/site/townofpeetz/,G,
Pierce,59005,G,2413129,G,62046,G,Pierce,Pierce,G,CO0162610,G,,x,Weld,1,South Platte,1,40.633499,-104.755180,,http://www.townofpierce.org/,G,New BNDSS ID; did not have an ID in original BNDSS
Pitkin,59830,G,2413138,G,26012,G,Pitkin,Pitkin,G,,M,,x,Gunnison,1,Gunnison,1,38.608719,-106.514932,,http://www.pitkincolorado.com/,G,New BNDSS ID; did not have an ID in original BNDSS
Platteville,60160,G,2412489,G,62050,G,Platteville,Platteville,G,CO0162615,G,,x,Weld,1,South Platte,1,40.221992,-104.833607,,http://www.plattevillegov.org/,G,
Poncha Springs,60600,G,2412495,G,08006,G,PonchaSpgs,PonchaSprings,G,CO0108650,G,,x,Chaffee,1,Arkansas,1,38.513284,-106.092247,,http://www.ponchaspringscolorado.us/,G,
Pritchett,61315,G,2412509,G,05006,G,Pritchett,Pritchett,G,CO0105300,G,,x,Baca,1,Arkansas,1,37.370009,-102.858749,,"https://en.wikipedia.org/wiki/Pritchett,_Colorado",g,New BNDSS ID; did not have an ID in original BNDSS
Pueblo,62000,G,2411501,G,51016,G,Pueblo,Pueblo,G,CO0151500,G,,x,Pueblo,1,Arkansas,1,38.270629,-104.613054,,http://www.pueblo.us/,G,
Ramah,62660,G,2412523,G,21036,G,Ramah,Ramah,G,CO0121675,G,,x,El Paso,1,Arkansas,1,39.121433,-104.167334,,https://www.colorado.gov/ramah,G,New BNDSS ID; did not have an ID in original BNDSS
Rangely,62880,G,2412528,G,52015,G,Rangely,Rangely,G,CO0152666,G,,x,Rio Blanco,1,Yampa,1,40.086091,-108.779460,,https://www.colorado.gov/townofrangely,G,
Raymer,63045,G,2412533,G,62051,G,Raymer,Raymer,G,CO0162666,G,,x,Weld,1,South Platte,1,40.607949,-103.843597,,"https://en.wikipedia.org/wiki/Raymer,_Colorado",g,New BNDSS ID; did not have an ID in original BNDSS
Red Cliff,63265,G,2412535,G,19026,G,RedCliff,RedCliff,G,CO0119671,G,,x,Eagle,1,Colorado,1,39.509256,-106.369930,,http://townofredcliff.org/,G,New BNDSS ID; did not have an ID in original BNDSS
Rico,64090,G,2412550,G,17007,G,Rico,Rico,G,CO0117700,G,,x,Dolores,1,Southwest,1,37.689081,-108.031673,,http://www.ricocolorado.org/,G,
Ridgway,64200,G,2412551,G,46009,G,Ridgway,Ridgway,G,CO0146676,G,,x,Ouray,1,Gunnison,1,38.157150,-107.754610,,http://town.ridgway.co.us/,G,
Rifle,64255,G,2410947,G,23017,G,Rifle,Rifle,G,CO0123676,G,,x,Garfield,1,Colorado,1,39.536041,-107.773106,,https://www.rifleco.org/,G,
Rockvale,64970,G,2412564,G,22018,G,Rockvale,Rockvale,G,CO0122800,G,,x,Fremont,1,Arkansas,1,38.364443,-105.164880,,"https://en.wikipedia.org/wiki/Rockvale,_Colorado",g,New BNDSS ID; did not have an ID in original BNDSS
Rocky Ford,65190,G,2410983,G,45014,G,RockyFord,RockyFord,G,CO0145600,G,,x,Otero,1,Arkansas,1,38.050027,-103.722497,,http://www.rockyfordco.com/,G,
Romeo,65740,G,2412574,G,11013,G,Romeo,Romeo,G,CO0111800,G,,x,Conejos,1,Rio Grande,1,37.171746,-105.985457,,"https://en.wikipedia.org/wiki/Romeo,_Colorado",g,New BNDSS ID; did not have an ID in original BNDSS
Rye,66895,G,2412588,G,51018,G,Rye,Rye,G,CO0151700,G,,x,Pueblo,1,Arkansas,1,37.921258,-104.931926,,"https://en.wikipedia.org/wiki/Rye,_Colorado",g,New BNDSS ID; did not have an ID in original BNDSS
Saguache,67005,G,2412591,G,55008,G,Saguache,Saguache,G,CO0155800,G,,x,Saguache,1,Rio Grande,1,38.086335,-106.141046,,http://www.townofsaguache.org/,G,New BNDSS ID; did not have an ID in original BNDSS
Salida,67280,G,2411766,G,08007,G,Salida,Salida,G,CO0108700,G,,x,Chaffee,1,Arkansas,1,38.530577,-105.998720,,http://www.cityofsalida.com/,G,
San Luis,68105,G,2413253,G,12009,G,SanLuis,SanLuis,G,,M,,x,Costilla,1,Rio Grande,1,37.200732,-105.424120,,"https://en.wikipedia.org/wiki/San_Luis,_Colorado",g,New BNDSS ID; did not have an ID in original BNDSS
Sanford,67830,G,2413256,G,11016,G,Sanford,Sanford,G,CO0111900,G,,x,Conejos,1,Rio Grande,1,37.257383,-105.900873,,http://www.sanfordcolorado.com/,G,
Sawpit,68655,G,2413263,G,57017,G,Sawpit,Sawpit,G,CO0157700,G,,x,San Miguel,1,Southwest,1,37.994698,-108.002157,,"https://en.wikipedia.org/wiki/Sawpit,_Colorado",g,New BNDSS ID; did not have an ID in original BNDSS
Sedgwick,68930,G,2413269,G,58012,G,Sedgwick,Sedgwick,G,CO0158010,G,,x,Sedgwick,1,South Platte,1,40.935755,-102.526071,,https://www.sedgwickcolorado.com/,G,New BNDSS ID; did not have an ID in original BNDSS
Seibert,69040,G,2413270,G,32015,G,Seibert,Seibert,G,CO0132015,G,,x,Kit Carson,1,South Platte,1,39.297967,-102.869524,,"https://en.wikipedia.org/wiki/Seibert,_Colorado",g,New BNDSS ID; did not have an ID in original BNDSS
Severance,69150,G,2413272,G,62053,G,Severance,Severance,G,CO0162707,G,,x,Weld,1,South Platte,1,40.527285,-104.865735,,http://www.townofseverance.org/,G,
Sheridan,69645,G,2411885,G,03065,G,Sheridan,Sheridan,G,CO0103709,G,,x,Arapahoe,1,Metro,1,39.646775,-105.018176,,http://www.ci.sheridan.co.us/,G,
Sheridan Lake,69700,G,2413280,G,31008,G,SheridanLake,SheridanLake,G,,M,,x,Kiowa,1,Arkansas,1,38.466714,-102.294444,,"https://en.wikipedia.org/wiki/Sheridan_Lake,_Colorado",g,New BNDSS ID; did not have an ID in original BNDSS
Silt,70195,G,2413284,G,23019,G,Silt,Silt,G,CO0123710,G,,x,Garfield,1,Colorado,1,39.548173,-107.653586,,http://www.townofsilt.org/,G,
Silver Cliff,70250,G,2413286,G,14004,G,SilverCliff,SilverCliff,G,,M,,x,Custer,1,Arkansas,1,38.120376,-105.410415,,http://silvercliffco.com/,G,New BNDSS ID; did not have an ID in original BNDSS
Silver Plume,70360,G,2413287,G,10009,G,SilverPlume,SilverPlume,G,CO0110035,G,,x,Clear Creek,1,South Platte,1,39.695698,-105.726456,,http://www.townofsilverplume.org/,G,New BNDSS ID; did not have an ID in original BNDSS
Silverthorne,70525,G,2413288,G,59018,G,Silverthorne,Silverthorne,G,CO0159095,G,,x,Summit,1,Colorado,1,39.656137,-106.086849,,http://www.silverthorne.org/,G,
Silverton,70580,G,2413289,G,56002,G,Silverton,Silverton,G,CO0156600,G,,x,San Juan,1,Southwest,1,37.810696,-107.665340,,http://www.silverton.co.us/,G,New BNDSS ID; did not have an ID in original BNDSS
Simla,70635,G,2413290,G,20006,G,Simla,Simla,G,CO0120025,G,,x,Elbert,1,Arkansas,1,39.141052,-104.081814,,http://www.townofsimla.com/,G,New BNDSS ID; did not have an ID in original BNDSS
Snowmass Village,71755,G,2413302,G,49012,G,SnowmassVlg,SnowmassVillage,G,,M,,x,Pitkin,1,Colorado,1,39.221097,-106.938974,,http://tosv.com/,G,New BNDSS ID; did not have an ID in original BNDSS
South Fork,72395,G,2413307,G,53013,G,SouthFork,SouthFork,G,,M,,x,Rio Grande,1,Rio Grande,1,37.668815,-106.643205,,http://www.southfork.org/community/government.php,G,New BNDSS ID; did not have an ID in original BNDSS
Springfield,73330,G,2413324,G,05011,G,Springfield,Springfield,G,CO0105500,G,,x,Baca,1,Arkansas,1,37.404915,-102.618898,,http://www.springfieldco.gov/,G,
Starkville,73715,G,2413331,G,36010,G,Starkville,Starkville,G,CO0136724,G,,x,Las Animas,1,Arkansas,1,37.116820,-104.523298,,"https://en.wikipedia.org/wiki/Starkville,_Colorado",g,New BNDSS ID; did not have an ID in original BNDSS
Steamboat Springs,73825,G,2411976,G,54023,G,SteamboatSpgs,SteamboatSprings,G,CO0154725,G,,x,Routt,1,Yampa,1,40.477697,-106.824322,,http://www.steamboatsprings.net/,G,
Sterling,73935,G,2411978,G,38019,G,Sterling,Sterling,G,CO0138045,G,,x,Logan,1,South Platte,1,40.624426,-103.199017,,http://www.sterlingcolo.com/,G,
Stratton,74485,G,2413341,G,32020,G,Stratton,Stratton,G,CO0132020,G,,x,Kit Carson,1,South Platte,1,39.302883,-102.603473,,http://www.strattoncolorado.com/,G,New BNDSS ID; did not have an ID in original BNDSS
Sugar City,74815,G,2413346,G,13007,G,SugarCity,SugarCity,G,CO0113900,G,,x,Crowley,1,Arkansas,1,38.232773,-103.663312,,"https://en.wikipedia.org/wiki/Sugar_City,_Colorado",g,
Superior,75640,G,2413354,G,64183,G,Superior,Superior,G,,M,,x,"Boulder, Jefferson",2,South Platte,1,39.933590,-105.159291,,http://superiorcolorado.gov/,G,
Swink,75970,G,2413358,G,45015,G,Swink,Swink,G,CO0145720,G,,x,Otero,1,Arkansas,1,38.014115,-103.627835,,http://townofswinkco.ourlocalview.com/,G,
Telluride,76795,G,2413371,G,57014,G,Telluride,Telluride,G,CO0157800,G,,x,San Miguel,1,Southwest,1,37.936263,-107.826503,,http://www.telluride-co.gov/,G,
Thornton,77290,G,2412064,G,64264,G,Thornton,Thornton,G,CO0101150,G,,x,"Adams, Weld",2,Metro,1,39.920507,-104.944528,,https://www.cityofthornton.net/Pages/default.aspx,G,
Timnath,77510,G,2413391,G,35044,G,Timnath,Timnath,G,CO0055699,G,,x,"Larimer, Weld",2,South Platte,1,40.533374,-104.960485,,http://www.timnath.org/,G,New BNDSS ID; did not have an ID in original BNDSS
Trinidad,78610,G,2412094,G,36011,G,Trinidad,Trinidad,G,CO0136800,G,,x,Las Animas,1,Arkansas,1,37.174857,-104.490816,,http://www.trinidad.co.gov/,G,
Two Buttes,79270,G,2413409,G,05016,G,TwoButtes,TwoButtes,G,CO0105700,G,,x,Baca,1,Arkansas,1,37.560664,-102.396556,,"https://en.wikipedia.org/wiki/Two_Buttes,_Colorado",g,New BNDSS ID; did not have an ID in original BNDSS
Vail,80040,G,2413415,G,19038,G,Vail,Vail,G,,M,,x,Eagle,1,Colorado,1,39.638501,-106.361256,,http://vailgov.com/,G,
Victor,80865,G,2412153,G,60012,G,Victor,Victor,G,CO0160700,G,,x,Teller,1,Arkansas,1,38.708701,-105.141906,,http://www.cityofvictor.com/,G,New BNDSS ID; did not have an ID in original BNDSS
Vilas,81030,G,2413433,G,05019,G,Vilas,Vilas,G,CO0105800,G,,x,Baca,1,Arkansas,1,37.373664,-102.447416,,"https://en.wikipedia.org/wiki/Vilas,_Colorado",g,
Vona,81690,G,2413437,G,32023,G,Vona,Vona,G,CO0132025,G,,x,Kit Carson,1,South Platte,1,39.302119,-102.743352,,https://www.waldencolorado.com/,G,New BNDSS ID; did not have an ID in original BNDSS
Walden,82130,G,2413440,G,29006,G,Walden,Walden,G,CO0129834,G,,x,Jackson,1,North Platte,1,40.731584,-106.281336,,https://www.colorado.gov/townofwalden,G,
Walsenburg,82350,G,2412176,G,28010,G,Walsenburg,Walsenburg,G,CO0128900,G,,x,Huerfano,1,Arkansas,1,37.630598,-104.781721,,http://www.cityofwalsenburg.net/,G,
Walsh,82460,G,2413444,G,05023,G,Walsh,Walsh,G,CO0105900,G,,x,Baca,1,Arkansas,1,37.386107,-102.279933,,http://www.townofwalsh.com/,G,
Ward,82735,G,2413449,G,07042,G,Ward,Ward,G,CO0107834,G,,x,Boulder,1,South Platte,1,40.072166,-105.513883,,http://www.ward-co.org/,G,New BNDSS ID; did not have an ID in original BNDSS
Wellington,83230,G,2413464,G,35047,G,Wellington,Wellington,G,CO0135838,G,,x,Larimer,1,South Platte,1,40.698698,-105.005937,,http://www.townofwellington.com/,G,
Westcliffe,83450,G,2413471,G,14005,G,Westcliffe,Westcliffe,G,,M,,x,Custer,1,Arkansas,1,38.133932,-105.465401,,http://www.townofwestcliffe.com/,G,New BNDSS ID; did not have an ID in original BNDSS
Westminster,83835,G,2412237,G,64153,G,Westminster,Westminster,G,CO0101170,G,,x,"Adams, Jefferson",2,Metro,1,39.883670,-105.062408,,https://www.cityofwestminster.us/,G,
Wheat Ridge,84440,G,2412248,G,30093,G,WheatRidge,WheatRidge,G,,M,,x,Jefferson,1,Metro,1,39.772750,-105.102943,,http://www.ci.wheatridge.co.us/,G,New BNDSS ID; did not have an ID in original BNDSS
Wiggins,84770,G,2413486,G,44016,G,Wiggins,Wiggins,G,CO0144035,G,,x,Morgan,1,South Platte,1,40.228749,-104.072135,,http://www.wigginsco.com/,G,New BNDSS ID; did not have an ID in original BNDSS
Wiley,85045,G,2413488,G,50017,G,Wiley,Wiley,G,CO0150900,G,,x,Prowers,1,Arkansas,1,38.154924,-102.719118,,http://www.townofwiley.com/,G,
Williamsburg,85155,G,2413490,G,22019,G,Williamsburg,Williamsburg,G,CO0122950,G,,x,Fremont,1,Arkansas,1,38.384006,-105.170993,,http://williamsburgcolorado.com/,G,New BNDSS ID; did not have an ID in original BNDSS
Windsor,85485,G,2413496,G,64225,G,Windsor,Windsor,G,CO0162843,G,,x,"Larimer, Weld",2,South Platte,1,40.467906,-104.921328,,http://www.windsorgov.com/,G,
Winter Park,85705,G,2413502,G,25025,G,WinterPark,WinterPark,G,,M,,x,Grand,1,Colorado,1,39.877910,-105.783012,,http://www.wpgov.com/,G,New BNDSS ID; did not have an ID in original BNDSS
Woodland Park,86090,G,2412303,G,60015,G,WoodlandPark,WoodlandPark,G,CO0160900,G,,x,Teller,1,"Arkansas, Metro",2,38.998484,-105.059397,,http://www.city-woodlandpark.org/,G,New BNDSS ID; did not have an ID in original BNDSS
Wray,86310,G,2412310,G,63010,G,Wray,Wray,G,CO0163010,G,,x,Yuma,1,South Platte,1,40.080198,-102.228401,,http://www.wrayco.net/,G,
Yampa,86475,G,2413518,G,54030,G,Yampa,Yampa,G,CO0154900,G,,x,Routt,1,Yampa,1,40.153015,-106.908587,,"https://en.wikipedia.org/wiki/Yampa,_Colorado",g,
Yuma,86750,G,2412329,G,63017,G,Yuma,Yuma,G,CO0163020,G,,x,Yuma ,1,South Platte,1,40.123474,-102.716136,,http://www.yumacolo.org/,G,
